{"options":{"comment":null,"compatopts_for_requires":true,"compat_wrappedjsobject":false,"compat_metadata":false,"compat_foreach":false,"compat_arrayleft":false,"compat_uW_gmonkey":false,"compat_forvarin":false,"noframes":null,"awareOfChrome":false,"run_at":null,"user_agent":"","override":{"includes":false,"merge_includes":true,"use_includes":[],"orig_includes":[],"matches":false,"merge_matches":true,"use_matches":[],"orig_matches":["https://www.liferay.com/web/*/support?*"],"excludes":false,"merge_excludes":true,"use_excludes":[],"orig_excludes":[],"orig_noframes":null,"orig_run_at":"document-idle"}},"settings":{"enabled":true,"position":1},"meta":{"name":"LESA KBase Links V1.5","uuid":"d774dc3d-2956-4927-9901-7379b5a2b954","modified":1446241766687,"file_url":"LESA QuickLinks v1.5"}}