{"options":{"comment":null,"compatopts_for_requires":true,"compat_wrappedjsobject":false,"compat_metadata":false,"compat_foreach":false,"compat_arrayleft":false,"compat_uW_gmonkey":false,"compat_forvarin":false,"noframes":null,"awareOfChrome":false,"run_at":null,"user_agent":"","override":{"use_includes":[],"orig_includes":[],"merge_includes":true,"use_matches":[],"orig_matches":["https://www.liferay.com/web/*/support?*"],"merge_matches":true,"use_excludes":[],"orig_excludes":[],"merge_excludes":true,"orig_run_at":"document-idle","orig_noframes":null}},"settings":{"enabled":true,"position":2},"meta":{"name":"LESA KBase Links V3","uuid":"89138a5f-774f-462f-b618-f5fe0fa658ad","modified":1459353077228,"file_url":"LESA KBase Links V3"}}